applicationId,applicantId,dateApplied,jobId,resumeId
1,1,16/11/22,1,1
2,2,16/11/22,1,2
3,3,16/11/22,2,3
4,4,16/11/22,2,4
5,5,16/11/22,3,5
6,6,16/11/22,3,6
7,7,16/11/22,4,7
8,8,16/11/22,5,8
9,9,16/11/22,6,9
10,10,16/11/22,6,10
11,11,16/11/22,6,11
12,12,16/11/22,6,12
13,13,16/11/22,7,13
14,14,16/11/22,7,14
15,15,16/11/22,7,15
16,16,16/11/22,8,16
17,17,16/11/22,8,17
18,18,16/11/22,9,18
19,19,16/11/22,10,19
20,1,16/11/22,3,1
21,1,16/11/22,4,1
22,2,16/11/22,3,2
23,3,16/11/22,4,3
24,4,16/11/22,4,4
25,20,16/11/22,11,20
26,21,16/11/22,12,21
27,22,16/11/22,13,22
28,23,16/11/22,14,23
29,24,16/11/22,15,24
30,25,16/11/22,16,25
31,26,16/11/22,17,26
32,27,16/11/22,18,27
33,28,16/11/22,19,28
34,29,16/11/22,20,29
35,30,16/11/22,21,30
36,31,16/11/22,22,31
37,32,16/11/22,23,32
38,33,16/11/22,24,33
39,34,16/11/22,25,34
40,35,16/11/22,26,35
41,36,16/11/22,27,36
42,37,16/11/22,28,37
43,38,16/11/22,29,38
44,39,16/11/22,30,39
